Date,Purchase Bid,Sell Bid,MCV,Final_Volume,MCP
01-04-2022,120785.05,88912.83,67664.77,67664.77,5762.49
02-04-2022,102945.73,98194.90,50537.79,50537.78,5226.28
03-04-2022,117852.73,99423.03,58491.17,58511.44,5972.33
04-04-2022,119481.30,106977.35,68274.45,68349.05,5247.02
05-04-2022,175373.70,97495.28,65295.62,65295.62,7462.87
06-04-2022,239288.38,64236.60,57313.01,57580.62,10817.13
07-04-2022,217491.98,64349.80,47227.62,46988.83,10060.86
08-04-2022,176113.58,72661.65,59814.70,59786.40,9342.42
09-04-2022,187313.03,68342.10,57199.10,57199.10,9864.62
10-04-2022,130448.10,74970.10,48889.16,48889.17,7370.23
11-04-2022,224802.93,77927.93,66996.22,66988.40,9317.28
12-04-2022,272695.33,65358.35,54584.95,53933.25,10525.90
13-04-2022,288668.15,60865.60,55012.75,55012.74,10683.12
14-04-2022,161559.05,76827.80,59043.94,59043.94,8723.87
15-04-2022,126952.93,110404.88,77793.93,77793.93,5944.09
16-04-2022,189413.23,75864.25,59618.70,59618.69,9384.13
17-04-2022,162816.40,99898.30,67948.72,67948.72,7294.56
18-04-2022,252526.50,75848.50,65725.25,65725.25,9808.69
19-04-2022,365233.48,60145.25,52328.84,52328.84,11191.72
20-04-2022,462626.20,72952.98,70363.59,70363.59,11469.69
21-04-2022,469983.33,51607.08,51547.65,51547.65,11850.28
22-04-2022,498930.35,52685.28,52685.28,52685.28,12000.00
23-04-2022,576825.08,51719.53,51719.53,51719.53,12000.00
24-04-2022,344794.10,69267.55,60715.28,60715.29,8774.78
25-04-2022,302002.60,47320.15,50396.17,50396.17,11157.15
26-04-2022,423547.78,39149.08,38044.06,38044.06,11382.09
27-04-2022,821388.70,23919.70,23919.70,23919.70,12000.00
28-04-2022,697530.60,30032.95,30032.95,30032.95,12000.00
29-04-2022,616295.23,36683.53,36683.53,36683.53,12000.00
30-04-2022,392763.90,100030.25,98972.73,98972.73,11672.53
01-05-2022,137398.75,97205.33,82896.74,82896.74,6326.40
02-05-2022,182128.43,97226.63,87443.74,87443.75,7382.49
03-05-2022,253740.43,103902.28,94031.17,94029.75,8921.89
04-05-2022,170836.28,100159.43,89537.92,89537.92,8875.24
05-05-2022,137577.55,91299.78,77063.39,77063.39,8904.66
06-05-2022,131603.25,85913.08,70445.96,70445.95,7634.53
07-05-2022,105983.93,64387.80,52701.35,52701.35,6500.01
08-05-2022,78991.83,63661.45,42017.13,42017.13,5316.00
09-05-2022,90014.83,79797.15,56907.09,56907.09,5360.92
10-05-2022,115585.65,106600.88,76442.88,76442.89,5762.00
11-05-2022,126668.38,122235.93,88162.79,88162.79,5301.14
12-05-2022,109400.33,127193.68,79925.04,79925.03,4180.63
13-05-2022,94466.03,130091.73,68564.00,68564.00,4271.11
14-05-2022,98781.50,138041.30,76819.79,76819.78,4017.80
15-05-2022,77479.73,113452.20,60074.02,60074.02,3510.83
16-05-2022,102752.03,123044.68,76204.64,76204.64,4468.43
17-05-2022,31187.50,31406.68,22066.10,21951.30,4805.16
24-05-2022,116058.73,103412.65,69609.01,69400.23,6309.84
25-05-2022,180545.78,114255.00,84311.29,84311.29,7852.73
26-05-2022,124566.50,116774.43,71847.98,71847.98,6063.98
27-05-2022,98418.95,128177.38,69834.80,68543.67,4404.83
28-05-2022,130765.53,120459.68,73525.99,73526.00,5990.68
29-05-2022,103607.90,117497.33,62453.89,62453.90,5429.72
30-05-2022,125172.70,109768.80,72589.65,72589.66,6989.44
31-05-2022,20812.70,19293.68,12216.47,12216.47,6301.42
01-06-2022,144209.20,116016.53,72873.80,72873.80,7112.59
02-06-2022,137739.88,90546.13,58196.22,58196.22,8332.87
03-06-2022,133844.48,101173.13,64219.34,64219.33,7806.18
04-06-2022,169168.40,90055.48,62255.10,62255.10,8702.27
05-06-2022,140058.20,94608.08,61174.26,61174.26,7907.22
06-06-2022,123955.38,101584.53,64565.40,64565.40,7435.19
07-06-2022,110548.13,124762.48,61375.19,61375.20,6601.48
08-06-2022,112360.13,124834.00,66500.86,66500.87,6897.56
09-06-2022,111888.68,134433.98,72525.63,72525.62,6030.60
10-06-2022,150438.33,117069.63,77577.70,77577.70,8451.32
11-06-2022,137348.00,131289.85,87051.41,87051.40,7316.99
12-06-2022,111738.95,142870.83,77029.55,77029.55,5859.75
13-06-2022,200549.40,95698.70,79948.73,79948.74,9602.84
14-06-2022,227908.28,112111.10,96429.85,96429.84,10402.63
15-06-2022,166126.25,115063.45,95334.84,95334.84,7523.95
16-06-2022,117440.73,106577.93,70779.30,70779.31,5904.69
17-06-2022,118770.85,150107.20,83383.62,83383.63,4908.46
18-06-2022,112236.18,136878.35,86725.16,86725.16,4132.13
19-06-2022,91115.33,138938.33,77884.03,77884.04,2964.82
20-06-2022,86121.28,121556.60,70089.08,70089.09,3126.02
21-06-2022,77961.80,120767.08,57363.41,57363.41,3492.06
22-06-2022,118819.00,107767.43,64259.34,64259.34,5709.96
23-06-2022,118577.38,99483.78,64816.64,64816.64,6783.06
24-06-2022,123795.30,105929.70,65564.25,65564.26,6063.78
25-06-2022,134324.40,118670.08,76307.62,76307.63,6195.98
26-06-2022,126669.03,109428.05,75835.46,75309.46,6456.22
27-06-2022,218490.98,87100.10,74013.63,73966.11,9080.35
28-06-2022,165594.03,101473.08,79266.91,79266.91,8830.52
29-06-2022,103422.58,120578.08,79265.62,79240.38,3970.43
30-06-2022,109311.28,165436.70,92608.46,92226.96,3230.30
01-07-2022,91598.40,140063.03,66754.42,66754.42,3679.91
02-07-2022,102103.03,122652.48,65873.02,65873.03,4240.43
03-07-2022,86534.43,127922.45,59809.25,59809.25,3640.89
04-07-2022,118625.20,108595.23,61004.59,61004.58,5602.76
05-07-2022,148252.10,128619.75,83189.03,83189.03,6651.49
06-07-2022,137967.98,99537.78,61791.16,61791.17,6630.41
07-07-2022,126004.78,114710.13,77100.00,77100.00,6783.30
08-07-2022,119459.20,122078.50,84605.78,84605.77,5324.39
09-07-2022,83930.48,120978.05,66110.75,66073.82,3552.96
10-07-2022,77861.83,146174.20,65366.04,65366.03,2968.83
11-07-2022,86252.73,118212.85,62712.80,62712.81,4201.17
12-07-2022,89413.63,124337.88,66918.72,66918.73,3724.56
13-07-2022,93324.90,124652.90,68584.55,68584.55,4113.17
14-07-2022,87197.10,124353.20,68056.11,68056.15,3762.78
15-07-2022,92722.40,120206.48,65299.83,65299.83,4150.62
16-07-2022,90647.10,104758.00,57319.21,57319.20,4718.15
17-07-2022,80006.08,110744.18,59780.43,59780.42,3908.95
18-07-2022,151739.88,101044.25,61841.14,61841.14,5753.41
19-07-2022,170367.30,101441.35,71849.74,71849.74,6466.73
20-07-2022,128496.63,122934.00,89167.36,89167.37,5850.80
21-07-2022,99895.33,136091.70,78279.57,78279.57,3787.94
22-07-2022,98791.55,102378.33,65268.89,65268.89,4241.66
23-07-2022,78047.48,107801.23,53641.60,53641.61,3491.80
24-07-2022,71412.53,114568.78,54119.54,54119.54,3197.23
25-07-2022,94705.83,111732.20,64984.46,64984.47,4113.87
26-07-2022,145106.35,125862.68,85292.29,85292.28,5542.05
27-07-2022,155824.53,105285.30,75413.36,75413.36,6194.41
28-07-2022,137796.98,93509.63,64257.36,64257.36,6236.07
29-07-2022,150277.75,106554.00,82831.82,82831.82,6687.52
30-07-2022,98158.48,98085.65,61345.10,61345.10,4315.60
31-07-2022,96875.65,136802.18,82452.31,82452.31,3087.21
01-08-2022,93488.25,122111.38,65722.84,65722.84,3844.55
02-08-2022,134143.48,116486.60,62673.72,62673.72,5932.20
03-08-2022,165526.73,99390.58,65751.56,65751.56,7018.37
04-08-2022,130162.20,91539.33,52108.14,52108.13,6337.87
05-08-2022,104292.33,107946.85,58926.26,58926.26,4725.60
06-08-2022,105208.68,127009.68,67235.40,67235.40,4580.53
07-08-2022,98739.90,150233.50,75158.83,75158.83,3265.89
08-08-2022,91058.15,111822.40,63378.20,63230.54,3698.87
09-08-2022,111831.48,136708.58,84956.76,84956.77,3660.13
10-08-2022,114716.23,142113.45,88529.34,88528.09,3546.62
11-08-2022,89164.45,141510.05,76199.40,76199.41,2598.96
12-08-2022,105280.13,121700.28,79826.61,79826.61,3905.80
13-08-2022,116101.70,127253.80,85389.12,85188.97,4226.00
14-08-2022,87072.78,125508.50,73651.22,73651.22,2975.90
15-08-2022,86427.15,135090.63,67838.26,67838.26,2635.74
16-08-2022,135039.18,150892.93,104180.36,104180.36,4170.81
17-08-2022,116331.73,128899.78,83102.29,83102.29,4497.12
18-08-2022,131374.35,114115.48,76796.61,76796.62,5706.64
19-08-2022,84460.03,85488.10,53452.15,53452.15,5190.61
20-08-2022,86225.50,102550.23,61538.53,61538.54,3940.66
21-08-2022,84141.00,120783.08,66798.57,66798.58,3243.55
22-08-2022,122126.93,134491.00,94478.58,94478.59,3837.38
23-08-2022,106121.13,126573.53,76951.62,76951.62,4291.09
24-08-2022,110708.50,97985.10,62617.57,62617.57,5631.77
25-08-2022,155800.38,96053.80,59023.06,59023.05,6346.61
26-08-2022,223264.15,90299.10,70832.17,70832.18,8049.61
27-08-2022,160149.20,101736.68,81440.48,81440.48,7720.42
28-08-2022,115190.88,107930.98,77425.03,77425.03,5539.20
29-08-2022,187073.63,104737.95,79261.13,79261.13,7240.49
30-08-2022,191227.98,100918.15,78302.72,78302.71,7530.63
31-08-2022,157541.85,91115.43,72258.50,72258.49,8532.57
01-09-2022,168014.25,97161.88,74671.99,74671.98,8067.07
02-09-2022,154539.65,85789.88,65393.66,65393.66,7446.18
03-09-2022,116515.93,100747.70,68331.66,68331.67,6458.15
04-09-2022,85423.73,117736.20,62645.10,62645.11,3992.83
05-09-2022,124464.95,112281.45,73160.59,73160.58,6590.88
06-09-2022,122425.23,98069.13,68754.38,68754.38,7396.99
07-09-2022,139339.55,117988.00,86089.90,86089.90,7165.90
08-09-2022,131048.83,107920.93,75459.11,75423.29,6261.52
09-09-2022,112772.60,110255.23,72997.35,71157.09,6395.98
10-09-2022,92418.95,104304.68,63928.87,63361.19,5256.99
11-09-2022,87206.53,135458.30,70940.91,69102.09,3111.84
12-09-2022,90167.60,130405.60,74581.04,73920.40,3098.72
13-09-2022,92081.03,114214.88,67666.96,67666.97,3691.62
14-09-2022,89621.43,109067.83,69661.32,69661.33,3671.69
15-09-2022,89211.48,109124.88,69873.98,69873.99,3648.68
16-09-2022,83863.73,113509.18,72234.24,72234.25,3060.20
17-09-2022,92855.65,111610.58,74941.99,74941.99,3531.10
18-09-2022,100817.63,104299.33,70266.89,70266.89,4844.26
19-09-2022,111877.90,106260.05,72510.66,72510.66,5297.75
20-09-2022,99480.08,114987.10,74316.96,74316.99,4137.91
21-09-2022,102813.15,123528.33,80230.45,80230.45,3723.01
22-09-2022,111330.10,136128.68,91368.19,91368.19,3359.87
23-09-2022,110526.30,155069.63,97164.11,97164.11,2685.69
24-09-2022,119054.85,147871.20,100154.52,100154.51,3241.52
25-09-2022,119315.35,161365.40,104558.87,103711.53,2826.16
26-09-2022,136297.88,107919.85,76172.84,76172.84,5583.51
27-09-2022,110402.50,97938.98,64144.61,64144.61,5199.69
28-09-2022,97317.63,98012.28,54987.48,54987.48,5207.77
29-09-2022,92590.45,95766.38,51827.79,51827.79,5025.10
30-09-2022,87296.08,98157.88,49454.40,49454.42,4674.65
01-10-2022,91686.30,108782.03,63411.53,63411.53,3838.78
02-10-2022,93163.08,132103.83,74197.61,74197.60,3131.06
03-10-2022,116103.65,129803.78,85532.77,85532.78,4208.57
04-10-2022,139680.13,157113.00,113610.68,113610.68,4088.76
05-10-2022,144050.90,175118.30,122701.52,122701.54,3601.02
06-10-2022,146779.40,168748.33,124360.41,124360.41,3827.55
07-10-2022,124708.50,149102.10,101044.28,101044.28,3946.16
08-10-2022,104437.83,135558.70,84766.84,84766.85,3201.46
09-10-2022,87998.95,125180.85,73131.26,73131.25,2881.07
10-10-2022,102523.55,133700.00,82469.97,82469.97,3125.07
11-10-2022,97774.50,130175.03,79733.39,79733.41,3090.64
12-10-2022,94059.43,119761.48,71650.29,71650.29,3552.35
13-10-2022,101010.50,121116.20,72378.89,72378.89,3719.83
14-10-2022,102456.23,106273.33,65423.73,65423.73,3958.28
15-10-2022,95458.63,107510.05,60382.87,60382.87,3894.91
16-10-2022,92812.65,119951.35,67476.24,67476.25,3281.91
17-10-2022,114933.00,111341.45,67724.66,67724.66,4623.98
18-10-2022,107775.00,111098.18,65537.12,65537.12,4569.19
19-10-2022,105121.53,110780.83,65316.62,65316.62,4541.89
20-10-2022,97959.13,116376.53,66069.72,66069.72,4010.03
21-10-2022,98203.53,117549.63,64956.94,64956.94,3948.35
22-10-2022,88898.08,112438.10,59130.99,59130.99,3742.10
23-10-2022,94420.53,122223.63,71177.28,71177.28,3280.45
24-10-2022,84222.95,135664.18,69394.92,69394.93,2491.60
25-10-2022,71512.68,126182.15,62527.60,62527.60,2237.06
26-10-2022,79659.68,107404.50,59202.99,59202.99,3454.85
27-10-2022,98031.98,114822.08,63307.06,63307.06,4408.41
28-10-2022,100296.43,100387.28,56162.55,56162.54,5040.87
29-10-2022,102014.30,94340.05,52855.78,52855.77,5337.70
30-10-2022,79496.88,102697.58,53839.38,53839.37,4046.94
31-10-2022,80397.98,89303.70,45118.02,45118.02,4748.63
01-11-2022,87735.43,112164.93,51307.03,51307.03,4565.12
02-11-2022,87673.65,107370.75,48906.89,48906.88,4921.54
03-11-2022,80428.48,109376.98,46622.70,46622.70,4544.78
04-11-2022,89820.83,99684.73,45999.61,45999.61,5302.85
05-11-2022,104175.40,102153.10,53113.26,53113.26,5682.57
06-11-2022,76308.48,105637.80,45003.00,45002.99,4338.01
07-11-2022,101839.50,113056.73,58776.05,58776.05,5468.77
08-11-2022,91345.60,114393.10,49219.33,49219.33,5102.34
09-11-2022,82393.25,111247.00,45936.82,45936.82,4733.29
10-11-2022,75859.73,116042.33,43925.50,43925.49,4200.82
11-11-2022,72878.68,117053.30,37224.70,37224.69,4254.58
12-11-2022,74738.25,117673.75,40029.75,40029.75,4146.63
13-11-2022,84242.70,121831.55,50181.94,50181.94,4182.04
14-11-2022,82272.55,103476.25,45048.51,45048.50,4541.90
15-11-2022,94296.68,98947.73,53381.10,53381.10,5188.83
16-11-2022,102544.30,107070.40,57338.68,57338.67,5458.15
17-11-2022,85003.38,106017.68,48323.03,48323.03,4961.60
18-11-2022,93397.58,117568.30,54735.93,54735.93,4820.55
19-11-2022,78306.15,112430.75,40605.85,40605.85,4397.67
20-11-2022,67796.28,108775.88,38373.81,38373.81,4188.33
21-11-2022,89739.13,116374.88,51163.93,51163.94,4641.61
22-11-2022,75704.13,108691.50,38325.92,38325.91,4667.22
23-11-2022,83252.40,115746.78,42400.14,42400.14,4834.06
24-11-2022,90142.68,116720.00,49181.69,49181.69,5228.59
25-11-2022,87284.68,117344.15,48937.00,48937.00,4737.83
26-11-2022,66123.80,105260.08,34851.27,34851.27,4410.31
27-11-2022,74075.70,120520.40,40874.26,40874.26,4135.80
28-11-2022,92728.83,113636.38,50024.14,50024.14,4933.19
29-11-2022,90785.18,103013.38,48079.86,48079.86,5335.27
30-11-2022,88359.23,113033.95,49054.06,48985.39,4812.86
01-12-2022,87134.93,116561.85,53943.19,53943.19,4666.05
02-12-2022,99366.73,109107.08,59425.71,59425.73,5343.63
03-12-2022,87479.18,110817.80,53181.45,53181.45,4682.82
04-12-2022,73778.35,117614.25,47246.44,47246.44,4227.35
05-12-2022,90441.40,115416.00,58767.59,58767.59,4333.14
06-12-2022,97081.90,117244.78,61627.42,61627.41,4441.62
07-12-2022,95568.38,102309.43,54761.00,54761.00,4859.99
08-12-2022,89840.13,96987.63,47826.60,47826.60,4826.05
09-12-2022,79364.10,107203.68,53400.76,53400.75,4116.66
10-12-2022,79823.73,108067.83,52973.60,52973.60,3798.01
11-12-2022,68497.13,105457.38,46808.15,46808.15,3427.18
12-12-2022,77321.38,104046.50,52704.98,52704.98,3736.99
13-12-2022,79069.98,96276.08,47939.16,47939.15,4232.23
14-12-2022,92124.65,99975.75,54903.15,54903.15,4446.41
15-12-2022,106883.03,91248.28,56067.79,56067.79,5422.61
16-12-2022,127308.58,89920.15,62114.52,62114.52,6826.15
17-12-2022,123210.53,96952.13,62925.35,62925.35,6171.22
18-12-2022,96974.90,105011.48,61082.44,61082.43,4785.92
19-12-2022,110721.10,92480.70,58909.75,58909.75,6069.18
20-12-2022,111397.20,92913.03,61838.12,61838.12,6119.49
21-12-2022,90621.80,87396.83,49811.77,49811.78,5283.40
22-12-2022,89681.78,75190.65,44021.89,44021.88,5625.90
23-12-2022,100216.50,85699.28,54847.12,54847.12,6003.41
24-12-2022,96206.95,82125.80,51358.83,51358.83,6191.95
25-12-2022,107171.80,101604.25,69326.55,69326.54,5589.31
26-12-2022,118229.03,109591.65,73780.80,73780.79,5665.62
27-12-2022,104725.25,107375.23,67024.05,67024.05,4924.82
28-12-2022,119616.88,82271.13,54614.34,54614.34,6888.56
29-12-2022,124189.18,90542.60,60585.77,60585.77,6419.76
30-12-2022,112760.35,105852.00,72166.20,72166.21,5918.73
31-12-2022,96307.13,99112.55,57081.35,57081.35,5411.15
01-01-2023,70259.03,108302.68,47877.61,47877.60,4032.42
02-01-2023,95716.93,102137.95,54020.65,54020.65,5310.53
03-01-2023,118804.13,98559.05,59968.85,59968.85,5825.28
04-01-2023,114639.68,112356.25,68844.70,68844.71,5359.53
05-01-2023,166936.20,110862.28,79827.93,79827.93,6947.29
06-01-2023,250084.65,125586.00,104243.81,104243.81,8475.30
07-01-2023,204176.48,128256.28,103059.80,103059.80,7697.82
08-01-2023,116360.93,105684.40,73185.61,73185.61,5594.08
09-01-2023,180722.73,87086.83,62894.90,62894.90,7805.91
10-01-2023,220405.75,89084.20,72057.92,72057.92,9284.32
11-01-2023,204838.23,96164.65,73703.72,73703.71,8210.93
12-01-2023,156247.23,100690.65,77871.45,77871.44,7838.12
13-01-2023,161722.30,84395.85,64294.79,64294.79,8393.60
14-01-2023,114989.78,110795.85,70570.74,70570.74,5071.81
15-01-2023,86035.23,123092.03,63709.69,63709.70,3677.05
16-01-2023,109907.53,116223.73,76100.11,76100.11,4615.46
17-01-2023,112386.40,118683.65,73246.31,73246.30,5222.36
18-01-2023,111163.30,109497.80,64161.28,64161.29,5851.75
19-01-2023,125632.58,99234.65,65402.10,65402.10,7005.44
20-01-2023,158272.50,88728.28,65680.95,65680.95,7851.64
21-01-2023,112563.90,94392.18,59422.03,59422.03,6388.68
22-01-2023,90045.50,113005.05,58485.81,58485.81,4546.26
23-01-2023,89887.88,121151.33,68797.27,68797.27,4046.67
24-01-2023,85555.20,105712.13,53812.58,53812.58,4500.86
25-01-2023,100343.65,122826.13,68855.15,68855.16,4499.04
26-01-2023,73139.78,121678.00,58002.53,58002.53,3114.67
27-01-2023,70440.25,113098.35,53659.27,53659.27,3304.51
28-01-2023,99134.53,111187.00,64264.66,64264.66,4571.13
29-01-2023,89288.75,121914.10,65192.23,65192.24,3827.40
30-01-2023,101549.63,108318.98,63535.02,63535.02,4524.22
31-01-2023,98178.45,114947.70,67141.29,67141.30,4730.90
01-02-2023,80940.60,101209.95,48079.06,48079.06,4567.00
02-02-2023,82729.68,96053.90,47189.52,47189.52,4611.47
03-02-2023,85754.10,101091.18,48934.89,48934.87,4615.50
04-02-2023,101727.95,86514.33,48075.18,48075.16,6150.78
05-02-2023,80554.80,99525.18,51546.59,51546.60,4101.05
06-02-2023,85220.93,97328.20,52881.27,52881.27,4786.16
07-02-2023,105552.38,94515.43,55541.78,55541.76,5647.89
08-02-2023,121471.83,83688.90,52398.89,52398.89,6763.29
09-02-2023,109957.40,84238.23,53701.03,53701.02,6457.42
10-02-2023,106754.78,92760.45,60966.78,60966.78,6055.24
11-02-2023,140684.83,94932.55,69996.69,69996.67,7450.80
12-02-2023,97003.63,115143.75,65844.70,65844.71,4477.18
13-02-2023,120415.53,102352.93,68533.63,68533.63,5865.30
14-02-2023,201248.38,71103.33,60105.09,60105.09,9497.91
15-02-2023,203841.28,72750.50,61638.96,61638.96,9710.70
16-02-2023,181084.15,79635.78,61699.85,61699.85,8455.24
17-02-2023,170710.50,79976.60,62679.18,62679.19,8230.73
18-02-2023,162430.00,85431.00,73203.86,73203.88,8336.39
19-02-2023,114935.80,105657.23,67674.38,67674.38,5416.97
20-02-2023,129288.43,99163.15,70207.94,70207.94,6181.02
21-02-2023,186733.75,90958.53,75686.88,75686.88,8831.62
22-02-2023,142851.50,101026.53,72388.44,72388.45,6990.27
23-02-2023,139565.55,92962.33,65223.31,65223.31,6734.05
24-02-2023,183826.38,81420.38,70838.84,70838.84,9394.95
25-02-2023,167264.15,74215.43,62776.32,62776.33,9660.47
26-02-2023,138909.43,102359.48,76127.72,76127.72,6295.16
27-02-2023,154284.65,71354.75,54253.16,54253.16,9100.52
28-02-2023,155375.25,71043.03,55904.59,55904.59,9093.01
01-03-2023,109616.88,92356.78,63194.40,63194.40,5417.39
02-03-2023,117542.03,84488.55,56417.59,56417.59,7543.80
03-03-2023,130979.33,89220.85,67065.89,67065.89,7970.94
04-03-2023,116237.93,80904.95,57680.96,57680.96,6687.27
05-03-2023,96737.83,98982.60,58343.16,58343.17,4830.24
06-03-2023,106955.48,93555.35,61731.49,61731.50,5665.46
07-03-2023,109732.25,133928.48,78281.43,78281.44,4150.91
08-03-2023,118983.03,155583.65,89738.37,89709.71,3855.17
09-03-2023,113120.50,129037.78,82232.56,82232.56,3857.11
10-03-2023,108227.98,105714.18,63684.54,63684.54,5007.45
11-03-2023,122335.38,108562.10,71801.00,71801.00,5825.78
12-03-2023,104618.83,108719.13,66756.24,66756.25,4767.79
13-03-2023,102966.85,90260.63,51660.32,51660.33,5461.41
14-03-2023,112136.50,87695.85,52112.21,52112.21,6020.39
15-03-2023,127688.25,94813.30,67447.05,67447.06,6017.89
16-03-2023,112045.33,99844.53,68736.52,68736.51,5043.94
17-03-2023,97444.48,108735.45,68150.62,68150.62,3750.91
18-03-2023,90762.00,110393.48,67781.44,67781.44,3634.17
19-03-2023,100323.55,160475.88,87327.36,87327.37,2647.98
20-03-2023,118113.50,150430.83,98522.47,98486.51,3151.41
21-03-2023,120326.25,152061.30,96024.34,96015.09,3262.27
22-03-2023,107061.68,116923.60,72622.47,72618.45,3692.18
23-03-2023,93962.13,101240.73,55126.06,55126.06,4157.03
24-03-2023,108535.05,108222.93,63769.05,63769.05,4644.93
25-03-2023,116239.03,103619.70,64973.26,64999.27,5562.47
26-03-2023,78847.70,100306.60,48741.69,48125.67,3817.65
27-03-2023,102365.35,101090.48,60807.96,60807.96,5078.65
28-03-2023,133932.00,84278.48,58289.84,58291.79,7504.82
29-03-2023,126695.28,93690.13,69106.38,69215.68,6716.01
30-03-2023,95185.40,96298.70,58898.08,58880.28,4430.00
31-03-2023,94291.90,121641.98,71308.72,71351.95,3406.33
01-04-2023,93852.75,126774.13,79730.28,79491.52,3074.67
02-04-2023,82999.50,111153.20,62627.15,62098.90,3440.44
03-04-2023,102053.65,113161.68,67857.97,67903.64,4101.66
04-04-2023,107027.43,109515.25,61134.40,60967.39,4464.03
05-04-2023,99905.45,105302.78,63112.40,63232.71,4577.12
06-04-2023,117239.20,108234.10,76904.26,75911.15,5128.16
07-04-2023,119545.73,102520.33,72057.38,72080.29,5617.83
08-04-2023,134478.00,108699.10,78046.51,78111.35,5975.60
09-04-2023,119341.58,115515.73,77598.85,77648.62,4986.84
10-04-2023,132962.48,100098.83,71793.94,71603.42,5735.64
11-04-2023,163397.65,85027.05,66914.07,66914.07,7584.63
12-04-2023,138416.93,100906.25,67570.89,67585.88,6538.52
13-04-2023,210873.28,87309.95,62691.60,62462.89,7128.93
14-04-2023,265019.80,90388.60,65875.39,66251.30,7245.63
15-04-2023,260509.25,82691.90,63082.58,63020.83,6856.63
16-04-2023,204202.20,92587.33,63566.75,63036.38,6531.41
17-04-2023,239704.98,89105.00,63310.21,63310.20,6472.83
18-04-2023,359860.00,91642.88,74889.92,74889.92,7788.45
19-04-2023,245983.20,99572.23,76910.38,76893.83,6402.21
20-04-2023,138581.58,102429.75,70680.39,70277.24,5107.68
21-04-2023,105468.80,121596.05,77380.32,77178.17,3965.36
22-04-2023,94785.90,120399.70,72701.56,72397.06,3403.24
23-04-2023,86952.95,143577.03,71222.01,70665.48,2764.39
24-04-2023,106094.30,127544.88,80683.03,80492.57,3600.89
25-04-2023,103871.80,122560.55,75077.87,75077.87,3831.78
26-04-2023,90982.35,121941.85,67045.56,67039.30,3564.88
27-04-2023,112073.53,132358.05,84959.33,84952.53,3595.65
28-04-2023,103340.95,122970.95,76298.47,76298.48,3501.95
29-04-2023,105205.28,129421.20,81759.34,81759.35,3413.38
30-04-2023,97566.83,135558.15,82902.53,82902.53,2798.23
01-05-2023,90257.05,144417.78,80732.71,80732.71,2254.68
02-05-2023,105857.15,137957.45,86809.71,86809.70,3095.11
03-05-2023,102115.75,114367.73,71782.91,71782.91,3673.84
04-05-2023,104021.50,107865.05,71397.65,71397.65,4064.92
05-05-2023,115521.95,111877.70,73465.04,73465.04,5036.00
06-05-2023,117346.50,110756.03,76010.49,76010.49,5399.62
07-05-2023,92035.63,122049.23,69681.96,69681.96,3955.51
08-05-2023,137091.55,101338.68,62148.18,62148.19,5135.08
09-05-2023,169286.20,100865.38,76512.33,76512.33,6624.05
10-05-2023,122926.35,103794.15,68222.86,68222.86,5576.55
11-05-2023,127257.48,104307.95,63790.10,63790.09,5865.10
12-05-2023,108991.43,105849.80,61120.18,61120.18,5484.49
13-05-2023,99730.48,110001.80,58283.32,58283.32,4961.89
14-05-2023,93493.80,129941.85,65210.80,65210.80,3628.08
15-05-2023,98681.63,119436.35,73554.18,73554.18,3315.91
16-05-2023,153344.10,114459.15,76198.30,73734.99,5565.90
17-05-2023,229991.68,105287.73,82869.60,82299.39,7446.51
18-05-2023,228364.48,131418.65,99135.19,99135.19,6286.46
19-05-2023,175987.90,99862.73,77894.11,77894.12,7731.67
20-05-2023,127503.75,128557.30,73646.85,73646.59,5442.98
21-05-2023,125718.83,122217.25,78097.83,78097.83,5002.42
22-05-2023,154677.73,144081.10,71983.49,72255.30,5456.94
23-05-2023,160246.28,161664.30,99169.16,98702.08,6343.97
24-05-2023,108800.73,155595.98,82422.04,82422.04,3307.37
25-05-2023,92048.90,149807.25,80229.64,80020.60,2661.15
26-05-2023,100350.88,161354.03,83460.52,83361.70,2529.70
27-05-2023,130078.95,140784.33,84610.50,84553.06,4577.18
28-05-2023,123209.13,147730.38,85720.71,85116.79,4603.27
29-05-2023,182126.08,150696.33,101804.44,101092.65,5257.31
30-05-2023,165567.00,150465.55,105569.04,105529.26,6053.21
31-05-2023,119174.45,146197.88,87671.33,87671.34,4743.87
01-06-2023,138443.95,151225.08,106405.90,106405.91,4901.51
02-06-2023,124302.18,112306.98,69758.29,69739.61,5633.77
03-06-2023,155730.18,114329.35,87064.42,87064.43,7022.37
04-06-2023,118998.78,134247.53,84564.52,84564.51,4305.55
05-06-2023,129844.10,94363.83,56328.87,56328.88,6279.99
06-06-2023,164602.38,115401.50,82680.82,82680.81,6578.83
07-06-2023,115771.83,116922.78,70438.22,70438.22,5368.61
08-06-2023,135118.18,105872.43,66948.75,66917.39,6368.55
09-06-2023,145772.85,109191.38,78712.40,78712.40,6118.68
10-06-2023,127377.53,120067.40,85487.42,85487.43,5128.76
11-06-2023,110069.55,138227.88,81539.81,81539.81,4235.38
12-06-2023,116650.65,125225.68,71683.11,71683.11,4760.97
13-06-2023,121138.98,109151.25,71766.24,71766.24,5565.17
14-06-2023,138440.33,132040.78,82640.02,82640.03,4916.74
15-06-2023,218605.25,144134.78,109713.79,109713.78,6233.72
16-06-2023,194152.43,108387.90,80039.54,80039.54,6835.74
17-06-2023,235357.73,110487.93,85010.59,85008.78,6354.00
18-06-2023,146618.73,148206.45,101268.65,101268.64,4413.49
19-06-2023,146156.98,154417.00,112776.09,112776.09,4588.37
20-06-2023,164125.23,171000.28,110724.77,110724.77,4592.26
21-06-2023,145231.50,146442.08,97968.58,97968.58,5204.23
22-06-2023,140114.78,153517.78,84995.18,84514.36,4871.19
23-06-2023,129836.40,152500.43,94284.24,94140.42,4798.27
24-06-2023,111580.10,152454.53,88573.59,88573.60,3821.16
25-06-2023,122599.65,208446.20,107315.45,107315.44,2406.46
26-06-2023,118526.43,196715.13,102990.76,102990.75,2759.84
27-06-2023,119050.58,165758.28,96056.14,96056.14,3256.40
28-06-2023,109277.60,172778.95,89316.92,89316.92,3199.37
29-06-2023,121842.68,184344.48,100819.33,100819.33,3080.84
30-06-2023,135161.50,196474.00,118057.30,118057.30,3061.94
01-07-2023,151998.15,157578.78,107280.28,107280.29,4612.63
02-07-2023,145568.43,146129.75,92068.30,92068.30,4566.61
03-07-2023,243842.45,97143.33,78850.14,78850.14,6325.19
04-07-2023,220567.83,118669.30,79113.40,79113.39,6120.35
05-07-2023,122925.00,150269.95,89743.36,89743.36,4205.96
06-07-2023,99864.75,159463.88,80739.59,80739.59,3476.45
07-07-2023,93089.68,143124.98,69651.95,68876.05,3693.94
08-07-2023,94651.35,162071.00,76208.57,76208.56,3144.45
09-07-2023,134856.40,189180.45,112789.85,112789.85,3683.85
10-07-2023,148691.60,142851.05,102122.23,102122.24,5588.98
11-07-2023,145466.20,136110.73,91218.14,91218.14,5619.74
12-07-2023,208209.05,134262.35,91818.30,91818.30,5651.77
13-07-2023,198451.40,117940.50,86531.54,86530.03,6572.59
14-07-2023,193579.68,120498.83,71869.27,71869.27,5330.21
15-07-2023,147574.00,140017.05,91072.73,91072.74,5354.65
16-07-2023,110904.28,147049.05,79687.51,79687.52,3829.03
17-07-2023,141456.13,132150.90,76236.52,76236.52,5227.36
18-07-2023,101966.73,141233.38,72283.54,72283.54,3911.47
19-07-2023,119073.90,126612.58,71601.29,71601.29,5268.02
20-07-2023,146192.23,114083.40,71657.92,71657.92,5927.92
21-07-2023,145417.95,112667.98,71559.17,71559.16,5568.40
22-07-2023,96546.90,126350.55,65635.07,65635.06,4394.77
23-07-2023,89688.90,151155.38,67721.50,67721.50,3460.92
24-07-2023,137280.18,139553.85,75965.20,75965.19,5009.42
25-07-2023,108434.65,124700.90,66031.44,66031.44,5044.28
26-07-2023,97193.73,141473.08,68767.49,68767.50,3989.00
27-07-2023,84863.43,148555.58,64863.14,64863.15,3104.88
28-07-2023,93500.00,166432.33,74299.20,74299.19,2957.88
29-07-2023,123514.73,198198.65,105214.73,105214.73,2712.66
30-07-2023,124870.30,182393.35,101869.53,101869.54,3320.15
31-07-2023,126338.43,127256.40,86754.24,86754.24,4472.88
01-08-2023,92456.00,140892.50,72173.34,72173.34,3369.46
02-08-2023,113509.10,181707.45,95306.85,95306.84,3173.09
03-08-2023,141044.68,197756.45,117154.52,117154.52,3278.56
04-08-2023,136008.90,169621.83,102925.59,102925.59,3963.54
05-08-2023,122782.15,148316.03,85890.92,85890.93,4127.82
06-08-2023,124457.28,182044.43,99204.07,99204.07,3429.16
07-08-2023,166496.55,166611.78,99070.49,99070.50,4617.86
08-08-2023,267408.38,128775.00,99297.56,99297.58,6085.83
09-08-2023,343242.28,120451.93,99370.89,99135.00,7403.19
10-08-2023,403791.25,86926.55,77770.12,77770.12,8538.37
11-08-2023,383808.35,94074.63,85733.93,85733.93,8743.16
12-08-2023,276441.43,120696.15,85968.83,85968.85,6910.28
13-08-2023,152237.38,150810.03,92448.86,92448.87,5291.06
14-08-2023,254675.45,119889.50,82917.00,82917.01,6064.99
15-08-2023,205654.03,135085.70,105947.95,105947.95,7361.44
16-08-2023,326946.73,82650.30,72835.53,72835.52,8191.46
17-08-2023,342347.23,82158.95,73655.52,73655.51,8391.60
18-08-2023,226800.00,102440.00,94774.60,94774.60,7933.86
19-08-2023,213116.83,118243.53,98845.99,98846.00,6856.68
20-08-2023,180592.30,129866.68,90465.13,90465.13,6035.34
21-08-2023,508563.58,76130.10,76129.80,76129.80,9966.79
22-08-2023,702018.75,69265.60,67567.79,67183.29,9790.68
23-08-2023,220493.93,173588.75,135282.71,135282.71,5398.22
24-08-2023,153122.75,150323.55,105319.27,105319.27,5064.84
25-08-2023,172695.88,131619.63,101952.91,101952.91,5998.81
26-08-2023,192234.15,113085.83,88081.52,88081.53,6222.31
27-08-2023,139519.65,118286.15,84613.75,84613.75,5704.91
28-08-2023,127548.98,109888.00,76707.97,76707.96,5619.67
29-08-2023,383901.10,83281.65,71893.06,71893.07,8249.05
30-08-2023,663029.13,45501.18,45501.18,45501.18,10000.00
31-08-2023,934631.80,53983.40,53983.40,53983.40,10000.00
01-09-2023,1029911.33,46612.48,46594.98,46594.98,10000.00
02-09-2023,769677.68,67169.70,67161.10,67161.10,9999.99
03-09-2023,326089.78,125789.23,113620.71,113620.71,7546.65
04-09-2023,211822.43,153310.15,133793.38,133793.39,6109.59
05-09-2023,213660.50,123658.55,112535.68,112505.55,6966.02
06-09-2023,215484.25,140986.48,125297.85,124772.97,6584.26
07-09-2023,149811.75,146421.73,111794.67,111719.93,5332.07
08-09-2023,131645.85,160962.98,104435.54,103875.35,4388.67
09-09-2023,129159.90,148374.53,95508.04,94735.56,4723.57
10-09-2023,122004.80,174331.73,104549.54,104501.90,3358.73
11-09-2023,150515.28,149293.73,99920.68,99920.67,4883.80
12-09-2023,164858.18,130140.68,94676.98,94638.33,5948.02
13-09-2023,215130.20,103432.18,84293.00,84293.00,6592.05
14-09-2023,236265.98,120296.25,103912.94,103912.95,7910.06
15-09-2023,165024.33,143308.80,107981.45,107981.45,6265.57
16-09-2023,141442.78,173944.08,112936.34,112936.31,3863.91
17-09-2023,139230.48,218721.65,121936.66,121936.65,2801.80
18-09-2023,127303.03,184473.90,108845.70,108692.65,3479.91
19-09-2023,122855.48,149654.78,89242.40,89242.40,4847.82
20-09-2023,157706.98,136354.18,89852.82,89852.82,5713.59
21-09-2023,145704.03,142684.30,91627.53,91627.53,5207.50
22-09-2023,135630.18,140376.05,88242.05,88242.04,4631.90
23-09-2023,140568.28,161655.65,104222.27,104222.27,4075.09
24-09-2023,109986.40,177110.75,93442.29,93442.29,3110.77
25-09-2023,108441.33,153964.13,80602.10,80602.11,3583.00
26-09-2023,135396.48,138661.10,85509.29,85509.29,4900.65
27-09-2023,152337.48,122174.75,79165.96,79165.97,6076.17
28-09-2023,155645.58,128116.85,92471.10,92471.10,6346.17
29-09-2023,141196.90,129271.23,89058.82,89058.81,5625.51
30-09-2023,132143.08,145169.05,91930.42,91930.42,4722.15
01-10-2023,127951.98,164030.55,100549.96,100549.95,3619.91
02-10-2023,113339.30,167491.40,87834.73,87834.74,3405.17
03-10-2023,139337.23,155806.50,94760.15,94760.15,4572.22
04-10-2023,246239.00,148571.33,116384.50,116384.49,6020.01
05-10-2023,240525.75,114811.45,100458.49,100458.50,6766.12
06-10-2023,259248.18,106574.93,88414.72,88414.71,6763.04
07-10-2023,401523.23,80473.70,76487.53,76487.53,8546.94
08-10-2023,454289.20,83133.23,73891.99,73891.99,8533.12
09-10-2023,767258.48,73650.90,73650.90,73650.90,10000.00
10-10-2023,830783.75,83140.95,83140.95,83140.95,10000.00
11-10-2023,873094.25,52388.35,52388.35,52388.35,10000.00
12-10-2023,576437.50,65289.75,63000.59,63000.59,9677.07
13-10-2023,345707.63,86517.23,78568.28,78568.28,8675.74
14-10-2023,289165.23,90768.40,78190.82,78190.81,7724.22
15-10-2023,147157.70,118135.28,87663.70,87663.69,6207.16
16-10-2023,147283.10,121816.88,97125.45,97125.45,6121.11
17-10-2023,161923.53,133384.48,104326.59,104326.58,5389.46
18-10-2023,172338.78,91793.93,68549.93,68549.93,6228.12
19-10-2023,191206.20,92702.90,70802.24,70802.23,6323.88
20-10-2023,176158.28,107998.20,84229.24,84229.25,5881.11
21-10-2023,112139.93,112368.30,66362.05,66362.05,4543.39
22-10-2023,115708.43,144401.80,83701.57,83701.56,4105.12
23-10-2023,105464.88,146528.60,77160.33,77160.33,3868.47
24-10-2023,107878.88,152411.18,84269.73,84269.73,3791.25
25-10-2023,104617.68,124106.73,64967.49,64967.49,4486.50
26-10-2023,111393.18,114825.63,61681.41,61681.40,4684.11
27-10-2023,106966.78,106799.85,56485.26,56485.26,4694.85
28-10-2023,112291.18,103238.83,58250.62,58250.63,4938.56
29-10-2023,80623.78,126582.95,52982.82,52982.82,3726.38
30-10-2023,119344.30,111922.73,62291.33,62291.33,4886.02
31-10-2023,106696.20,98834.70,53687.55,53687.54,4939.65
01-11-2023,118224.40,106168.45,59447.76,59447.76,5364.97
02-11-2023,146805.48,133041.48,63988.84,63988.83,5320.85
03-11-2023,178289.75,116619.98,67907.40,67907.41,5792.11
04-11-2023,132666.95,148027.25,80594.02,80594.02,5340.01
05-11-2023,87774.70,202394.83,58175.27,58175.28,3865.47
06-11-2023,94384.23,199046.38,60709.98,60709.99,3974.67
07-11-2023,107193.28,178111.25,60946.99,60946.99,4529.42
08-11-2023,121478.73,159508.05,72247.29,72247.29,4766.26
09-11-2023,117990.68,168595.80,60030.04,60030.05,4432.54
10-11-2023,89323.65,189892.30,57681.70,57681.70,3900.32
11-11-2023,91376.50,306572.08,71035.08,71035.08,3017.84
12-11-2023,106842.53,443959.93,93327.45,93327.45,2607.47
13-11-2023,101262.30,354384.03,89010.55,89010.55,2621.95
14-11-2023,106679.98,191148.20,81275.13,81275.14,3405.89
15-11-2023,111298.95,174436.50,82849.46,82849.47,3500.90
16-11-2023,127732.95,179039.70,89254.79,89254.79,3965.30
17-11-2023,153471.30,177368.88,95543.25,95543.25,4494.39
18-11-2023,144091.18,152576.78,78174.69,78174.69,4567.84
19-11-2023,101365.70,166238.80,70321.88,70321.87,3637.28
20-11-2023,122664.25,168795.10,79966.30,79966.30,3930.16
21-11-2023,128341.63,155114.45,77907.32,77907.32,4284.43
22-11-2023,151238.15,153212.80,92246.31,92246.31,4646.58
23-11-2023,129289.98,136735.75,77985.26,77985.27,4716.82
24-11-2023,108944.43,148716.45,76244.90,76244.89,4012.63
25-11-2023,99622.90,167076.63,76981.65,76981.64,3432.74
26-11-2023,108628.63,215207.13,88633.92,88633.93,3172.03
27-11-2023,128644.40,227457.78,113707.09,113707.09,2924.77
28-11-2023,109662.20,210513.10,93997.57,93997.56,2957.70
29-11-2023,113668.43,193483.78,89300.85,89300.84,3468.99
30-11-2023,118325.05,214887.40,99574.56,99574.56,3015.12
01-12-2023,129949.95,215278.98,109417.48,109417.49,3186.25
02-12-2023,118498.03,206409.93,96074.33,96074.33,3318.63
03-12-2023,105729.43,211899.18,86780.76,86780.76,3012.15
04-12-2023,123586.43,212471.75,101504.47,101504.46,3118.93
05-12-2023,120838.05,203464.00,99087.75,99087.75,3131.86
06-12-2023,129527.55,181596.88,88758.61,88758.61,3822.95
07-12-2023,133231.18,190639.35,101081.90,101080.94,3753.87
08-12-2023,118277.75,166884.78,80110.70,80110.70,4142.23
09-12-2023,118946.20,162776.10,80354.86,80354.88,4592.88
10-12-2023,117183.30,176779.95,85164.68,85164.68,3581.59
11-12-2023,121928.10,154628.63,78088.60,78088.60,4390.74
12-12-2023,136664.75,129930.15,71408.19,71408.19,5033.31
13-12-2023,147978.35,135507.15,74538.35,74538.36,5298.97
14-12-2023,157639.15,135903.88,72912.17,72912.17,5259.74
15-12-2023,132017.38,133528.83,70153.22,70153.22,5361.53
16-12-2023,124385.33,145398.10,77742.09,77742.09,5102.76
17-12-2023,89570.38,182233.95,65275.70,65275.70,3294.23
18-12-2023,100659.05,168564.83,69211.92,69211.93,4169.70
19-12-2023,99212.35,158797.05,62607.43,62607.43,4123.29
20-12-2023,142422.03,134108.73,65471.63,65471.62,5481.93
21-12-2023,218940.45,126680.65,71147.89,71147.89,6194.62
22-12-2023,249613.00,117393.48,60402.95,60402.95,6590.41
23-12-2023,265095.83,132216.03,68458.92,68458.92,6195.00
24-12-2023,122153.50,157699.78,75450.32,75450.32,4644.33
25-12-2023,144363.13,143961.20,72811.71,72811.71,5578.03
26-12-2023,231914.58,132355.83,64639.41,64633.62,5961.15
27-12-2023,215100.53,151156.90,74521.04,74521.03,5541.62
28-12-2023,191664.18,139649.88,67087.08,67087.07,5600.59
29-12-2023,192743.65,133941.13,69490.89,69490.88,6085.11
30-12-2023,204565.03,139769.50,71648.85,71648.85,6040.66
31-12-2023,101658.60,174818.75,73197.26,73197.26,4050.84
01-01-2024,104293.93,174366.20,73950.56,73950.55,4612.95
02-01-2024,123800.28,162326.48,76572.99,76572.99,5095.06
03-01-2024,176407.23,145275.98,76510.28,76436.56,6068.88
04-01-2024,236501.93,133722.75,69146.51,69146.51,6380.42
05-01-2024,218157.73,149810.63,79765.69,77314.93,6448.69
06-01-2024,141331.48,183064.00,94910.71,94910.72,5031.11
07-01-2024,99578.60,201200.13,78815.90,78815.91,3500.11
08-01-2024,177492.38,181315.90,88674.20,88674.20,5089.91
09-01-2024,205259.40,191301.90,100010.91,100010.91,5036.43
10-01-2024,150220.08,174432.88,82716.09,82716.08,5144.94
11-01-2024,131632.75,187224.18,81680.88,81680.89,4877.67
12-01-2024,159398.95,171759.50,80828.06,80828.06,5516.00
13-01-2024,244112.38,146593.15,87026.73,87026.74,6512.74
14-01-2024,132422.28,172978.18,78541.81,78541.81,4660.80
15-01-2024,199687.20,161665.30,81719.25,81719.24,5803.92
16-01-2024,170818.75,148031.40,76508.92,76508.91,6022.85
17-01-2024,281420.13,129487.15,73126.19,73126.19,7004.82
18-01-2024,293057.50,130620.20,72443.27,72443.27,6756.45
19-01-2024,372192.73,123716.33,71940.14,71940.13,7112.82
20-01-2024,309128.55,121189.48,66619.45,66619.45,6822.28
21-01-2024,192107.38,136224.48,79330.79,79330.80,6181.46
22-01-2024,334777.90,117618.23,72288.78,72288.78,7040.55
23-01-2024,391864.95,123530.75,78843.14,78843.13,7108.24
24-01-2024,417846.63,116467.28,73491.38,73491.38,7433.35
25-01-2024,373694.23,128412.43,84651.62,84651.61,7189.05
26-01-2024,185168.10,163324.90,78834.02,78834.03,5232.30
27-01-2024,157303.23,157427.13,81570.04,81570.03,5554.29
28-01-2024,116994.65,152095.93,59398.50,59398.51,4718.30
29-01-2024,230270.28,133670.53,66955.67,66955.68,6354.85
30-01-2024,272468.58,109582.23,59429.73,59429.73,6811.24
31-01-2024,234622.48,115508.03,56125.22,56125.23,6047.34
01-02-2024,145484.53,163192.20,84270.46,84270.45,5137.38
02-02-2024,164825.73,140197.98,73659.56,73659.56,5529.82
03-02-2024,154349.08,148907.53,79723.99,79723.98,5482.77
04-02-2024,93713.25,176590.95,69399.87,69399.85,3488.75
05-02-2024,115952.63,186201.70,87818.89,87818.89,3886.46
06-02-2024,171732.80,145883.43,69750.16,69750.16,5291.07
07-02-2024,190262.10,151819.70,74698.35,74698.33,5071.28
08-02-2024,155673.10,146628.08,69491.83,69491.83,5458.99
09-02-2024,206228.30,115111.48,64592.13,64592.14,6264.87
10-02-2024,149698.50,143937.73,80749.26,80749.26,5300.75
11-02-2024,95924.00,175085.30,71023.13,71023.13,3576.33
12-02-2024,180097.80,155365.00,87419.50,87419.51,5797.55
13-02-2024,145478.38,126496.80,70086.01,70086.00,5296.58
14-02-2024,103766.23,120367.30,69567.56,69567.56,4109.98
15-02-2024,108857.40,175795.33,79492.99,79492.98,3977.00
16-02-2024,100191.13,162704.20,69308.20,69308.20,3977.78
17-02-2024,112858.30,159207.58,74149.85,74149.86,4377.19
18-02-2024,114184.10,200614.48,89949.28,89949.27,3288.35
19-02-2024,91318.33,220610.15,77931.45,77931.43,2644.69
20-02-2024,118197.95,160282.60,75612.23,75612.23,4745.92
21-02-2024,115252.63,152842.95,79262.30,79262.28,4341.13
22-02-2024,175101.68,142707.38,97610.52,97610.52,6195.73
23-02-2024,159244.70,148063.25,100927.16,100927.16,5887.86
24-02-2024,161429.23,170156.90,112295.51,112285.41,4948.16
25-02-2024,120927.25,195756.33,94009.92,94009.92,3617.91
26-02-2024,98888.10,165455.33,76179.69,76179.68,3374.46
27-02-2024,110952.50,205951.58,92125.89,92125.90,3024.76
28-02-2024,109037.28,177037.53,84228.94,84228.95,3424.33
29-02-2024,109274.15,174889.63,84594.85,84594.85,3753.53
01-03-2024,102515.98,169202.33,78441.37,78441.38,3579.64
02-03-2024,104640.63,227457.58,95713.89,95713.89,2263.89
03-03-2024,109759.63,268933.30,99490.70,99490.70,2254.72
04-03-2024,106001.60,191052.18,87989.22,87989.22,3024.12
05-03-2024,115066.40,220843.45,95746.20,95746.21,3030.55
06-03-2024,121422.20,185132.73,88753.73,88753.72,3750.87
07-03-2024,139775.03,171545.73,94653.07,94653.07,4667.12
08-03-2024,121170.43,149463.68,76683.17,76683.17,4678.18
09-03-2024,117799.33,169134.75,81559.75,81559.76,4063.41
10-03-2024,117027.65,180904.45,86459.66,86459.67,3662.59
11-03-2024,123554.55,156181.63,83910.41,83910.42,4661.00
12-03-2024,122330.88,149196.38,78095.31,78095.31,4840.11
13-03-2024,126401.40,135176.15,78537.54,78537.54,5224.77
14-03-2024,125513.05,130138.78,75768.98,75768.98,5010.59
15-03-2024,135870.40,140012.83,79075.69,79075.69,5005.52
16-03-2024,141652.80,150755.18,90597.51,90597.51,4826.36
17-03-2024,114212.23,192158.30,83258.24,83258.23,3589.24
18-03-2024,150398.48,195131.38,108426.11,108426.13,4328.18
19-03-2024,136238.00,200832.70,104026.25,104026.26,3735.82
20-03-2024,133542.68,233937.95,116415.12,116415.13,3030.09
21-03-2024,140153.00,233749.73,114196.93,114196.95,3266.96
22-03-2024,134713.88,212854.50,99999.94,99999.94,3657.74
23-03-2024,138613.08,190046.80,99893.83,99893.82,3821.51
24-03-2024,100661.00,204659.83,76489.84,76489.84,3178.45
25-03-2024,94881.18,263276.95,78621.24,78621.24,2456.08
26-03-2024,108577.98,250852.53,89673.66,89673.67,2976.15
27-03-2024,131834.78,181018.03,86394.40,86394.39,4261.81
28-03-2024,155568.85,146809.48,96607.43,96607.44,5800.54
29-03-2024,145579.48,142144.93,91150.48,91112.09,5610.57
30-03-2024,111273.18,166654.38,76243.19,76243.19,3972.58
31-03-2024,123249.73,208100.68,92783.07,92783.06,3762.43
01-04-2024,122763.63,206824.05,96568.38,96106.87,3363.77
02-04-2024,144661.15,196065.43,105930.94,105705.63,4426.66
03-04-2024,157070.08,148589.35,93125.92,92840.08,5624.19
04-04-2024,181534.30,123771.70,86591.09,86591.09,6632.44
05-04-2024,169613.48,130486.45,92718.86,90985.45,6482.56
06-04-2024,172815.15,135435.30,90707.85,90638.72,6386.94
07-04-2024,135884.58,186174.63,94054.77,93952.04,4313.39
08-04-2024,117460.68,177637.03,85722.30,80193.92,3666.16
09-04-2024,118145.23,192699.60,87167.32,82286.59,3555.11
10-04-2024,117190.13,209075.65,85542.58,83851.71,3360.44
11-04-2024,129477.53,237044.20,95701.09,94516.58,3252.22
12-04-2024,117775.68,229116.48,85703.59,84742.26,3354.12
13-04-2024,142802.45,231247.08,112355.07,112270.65,3451.84
14-04-2024,115253.73,240443.25,86761.00,86760.99,3363.23
15-04-2024,137296.55,176452.83,82400.85,82400.85,4702.21
16-04-2024,166412.88,158707.15,91353.97,91353.96,5742.91
17-04-2024,158769.35,166890.53,93154.30,93154.29,5346.08
18-04-2024,159542.68,148494.85,90247.27,90247.27,6070.40
19-04-2024,150960.88,194771.90,93170.04,93170.04,4553.19
20-04-2024,134486.43,181067.25,87974.74,87974.74,4437.44
21-04-2024,127642.30,211965.18,92125.45,92125.44,4249.64
22-04-2024,117792.73,181679.83,77267.62,77267.63,4314.78
23-04-2024,125382.78,191202.30,86035.33,86035.33,4322.06
24-04-2024,130661.48,181602.88,82624.32,82624.32,4584.28
25-04-2024,144218.68,167269.03,80694.09,80686.42,5444.09
26-04-2024,145694.15,155847.83,81358.05,81273.58,6404.91
27-04-2024,233406.03,132933.30,70750.42,70750.42,6398.45
28-04-2024,229239.83,153420.90,75597.16,75597.16,6057.17
29-04-2024,268432.73,131923.93,77200.44,77200.44,6214.53
30-04-2024,233376.33,145071.35,85252.82,85252.82,6491.30
01-05-2024,129549.50,245268.88,102847.94,102687.89,3694.55
02-05-2024,148210.90,172669.40,85694.35,85364.94,5271.18
03-05-2024,170678.40,150722.63,85531.77,84952.91,6159.06
04-05-2024,180561.78,147474.10,78161.63,78147.30,6102.68
05-05-2024,174096.98,186065.65,83513.88,83509.69,5223.02
06-05-2024,147003.60,177885.13,99992.05,99984.32,4669.50
07-05-2024,152540.83,253688.98,124364.48,124044.84,3450.20
08-05-2024,160305.50,272577.33,129718.51,129718.51,3798.35
09-05-2024,153991.50,265388.25,125881.61,125881.61,3460.20
10-05-2024,132458.73,225725.30,104573.50,104573.50,3439.89
11-05-2024,127438.55,245164.05,100173.03,100173.03,3276.48
12-05-2024,138106.50,294889.30,116170.64,116170.65,3300.04
13-05-2024,147743.73,236519.22,114068.72,114068.73,4081.06
14-05-2024,179221.10,212955.53,122582.77,122582.77,4904.12
15-05-2024,229150.50,188304.30,112986.78,112986.78,5707.50
16-05-2024,185916.50,166698.05,106747.49,106747.48,6018.23
17-05-2024,192915.83,178454.58,104647.86,104647.86,5789.17
18-05-2024,187731.15,188259.80,103490.88,103490.88,5584.33
19-05-2024,145363.85,230911.80,107977.69,107977.69,4053.77
20-05-2024,138844.15,205859.45,95150.47,95150.47,4284.95
21-05-2024,231387.30,197732.90,96932.51,96932.52,5026.13
22-05-2024,283428.55,180896.45,104400.42,104400.42,5611.89
23-05-2024,246354.53,163173.28,84017.11,84017.10,5399.49
24-05-2024,248628.48,146805.28,93036.17,93036.17,6690.91
25-05-2024,189943.65,216994.45,128985.63,128985.63,4888.88
26-05-2024,160291.88,290424.30,129140.43,129140.43,3348.60
27-05-2024,155538.15,268536.25,125840.42,121336.82,3632.10
28-05-2024,197156.98,282412.30,148615.97,148082.87,4352.79
29-05-2024,196358.48,214330.18,119404.45,118838.72,5047.11
30-05-2024,192864.43,166013.78,121543.29,121518.10,6146.03
31-05-2024,241499.38,172513.95,102505.98,102505.98,5264.10
01-06-2024,186715.93,181671.93,109841.26,109841.26,5039.15
02-06-2024,180791.50,211792.38,110100.61,110100.61,4628.70
03-06-2024,233262.05,171775.08,119340.58,119340.58,6071.44
04-06-2024,225133.98,165042.50,116948.28,116948.28,5923.74
05-06-2024,201298.23,176214.38,117860.66,117860.66,4786.78
06-06-2024,163499.83,257928.13,134139.60,134139.60,3966.50
07-06-2024,131078.58,160146.18,83537.78,83537.78,4813.29
08-06-2024,136055.78,198453.08,91913.69,91913.69,4329.72
09-06-2024,175287.40,281722.55,134210.87,134173.21,4236.30
10-06-2024,178178.98,203613.80,108763.21,108796.38,5124.54
11-06-2024,162964.45,148500.28,105322.78,103525.57,5307.60
12-06-2024,138466.30,135487.00,80495.64,77363.82,5236.45
13-06-2024,123281.73,183605.78,82138.99,79966.58,4395.39
14-06-2024,138107.25,187634.78,78712.10,78282.46,4370.17
15-06-2024,300306.30,186282.08,118955.80,118376.00,5931.82
16-06-2024,319939.28,184103.65,119816.79,118537.78,6581.19
17-06-2024,400058.60,145057.15,108295.40,104015.11,7769.05
18-06-2024,270827.10,167435.30,111857.07,94103.40,6580.79
19-06-2024,260995.53,209730.55,147377.22,118494.57,6992.89
20-06-2024,157340.55,263078.08,122532.78,114349.10,3624.38
21-06-2024,200298.70,239670.25,136104.87,119362.40,4897.26
22-06-2024,189167.90,208111.20,123726.44,119054.05,5242.83
23-06-2024,176002.53,228467.85,124039.43,120450.33,4764.63
24-06-2024,234612.93,197144.90,120916.47,116792.48,5623.77
25-06-2024,231886.58,180857.45,106600.52,104001.88,5751.99
26-06-2024,233642.53,191489.10,113060.21,108582.47,5825.66
27-06-2024,154897.08,234936.98,112610.81,103112.07,4134.70
28-06-2024,122546.00,228074.78,91054.18,87747.96,3997.00
29-06-2024,116491.68,240638.95,98543.76,97468.08,3280.59
30-06-2024,112289.90,292556.00,102337.08,102265.37,2372.87
01-07-2024,148838.85,237930.35,114941.93,113828.87,3860.95
02-07-2024,164824.80,290560.70,130854.35,130854.35,3674.84
03-07-2024,157167.25,228582.93,118382.73,118382.73,4355.86
04-07-2024,199264.95,236658.25,107091.89,107091.89,4136.04
05-07-2024,138595.65,222753.10,108411.30,108411.30,3724.91
06-07-2024,96048.50,246150.85,84311.44,84311.44,2119.95
07-07-2024,165676.60,327306.83,148400.70,148400.70,2645.04
08-07-2024,262038.55,186916.40,111229.49,111229.49,5016.84
09-07-2024,299012.50,146147.13,94591.83,94591.83,5833.88
10-07-2024,309015.38,142212.48,95333.52,95333.52,6935.87
11-07-2024,291699.98,138967.58,89194.22,87702.71,6535.96
12-07-2024,152560.83,199945.78,108622.53,108587.66,3634.22
13-07-2024,165536.30,245383.60,117085.01,117066.96,4352.45
14-07-2024,154550.80,266128.40,127033.15,125286.35,3886.09
15-07-2024,189385.85,176392.18,97626.30,95878.52,5039.96
16-07-2024,247756.50,217295.85,133234.49,128410.70,5057.17
17-07-2024,243045.48,158117.15,110824.08,103576.97,6265.52
18-07-2024,239691.93,169173.63,110719.81,105593.08,6433.84
19-07-2024,255361.55,198317.65,123083.77,116131.93,5561.87
20-07-2024,263834.78,188413.88,120063.59,110618.80,6337.01
21-07-2024,233148.58,243100.45,128535.37,118913.70,5071.41
22-07-2024,209003.10,183334.20,96471.31,91824.47,5142.48
23-07-2024,203751.98,189099.33,100106.89,97114.03,5121.82
24-07-2024,155229.15,207043.45,96064.71,93745.46,4479.48
25-07-2024,161082.10,199182.58,90119.20,85193.23,4811.84
26-07-2024,162091.00,197283.58,98702.19,94996.77,4628.63
27-07-2024,225941.90,215461.20,95177.45,93267.06,4834.97
28-07-2024,176880.45,236079.90,100976.11,100097.12,4491.70
29-07-2024,321018.15,154593.30,95734.22,92157.06,6061.85
30-07-2024,426849.25,146354.83,110719.46,110598.49,7664.13
31-07-2024,271977.78,199039.33,144114.82,141639.32,6114.34
01-08-2024,142416.93,271488.83,131323.58,130908.24,2591.85
02-08-2024,126692.40,289894.15,120011.03,119481.05,1898.81
03-08-2024,136983.85,297783.03,126526.56,126368.76,2014.60
04-08-2024,163438.75,328012.05,148754.73,148689.30,2544.28
05-08-2024,177735.70,197383.40,127275.52,126850.68,4327.66
06-08-2024,158514.20,179002.18,119540.72,117159.27,4420.63
07-08-2024,128307.43,260488.23,109258.92,108206.30,3400.80
08-08-2024,131360.35,269249.40,100866.35,99358.99,3724.88
09-08-2024,143378.20,259398.68,113995.24,113652.83,3850.99
10-08-2024,129876.40,270965.18,109164.94,109158.11,3301.21
11-08-2024,124243.35,314545.30,108343.10,108343.10,2325.71
12-08-2024,216224.30,243577.13,104138.82,104138.82,4219.35
13-08-2024,298215.05,176071.35,86468.42,86468.42,5120.54
14-08-2024,363968.50,130652.00,93728.41,93712.21,6666.58
15-08-2024,181301.65,262068.83,130869.81,130869.81,3933.42
16-08-2024,181394.23,162003.25,104759.69,104708.81,5153.70
17-08-2024,143105.00,180668.40,87305.32,87305.32,4590.43
18-08-2024,143164.18,256868.98,118228.40,118228.40,3374.41
19-08-2024,111598.60,230782.75,89195.76,89195.76,3062.48
20-08-2024,139424.83,238129.93,96175.70,96175.70,3769.00
21-08-2024,166809.43,199686.18,102946.32,102946.32,4906.85
22-08-2024,161808.00,194111.58,103660.35,103660.35,4682.00
23-08-2024,130742.48,218172.85,98474.16,98474.16,3784.39
24-08-2024,145628.08,290781.83,123191.65,123191.65,2841.49
25-08-2024,135282.20,385780.08,123656.67,123630.00,1833.98
26-08-2024,173907.48,355762.15,155760.73,155747.27,2807.53
27-08-2024,138750.10,337944.90,128802.28,128802.28,2302.17
28-08-2024,119931.03,284066.10,99350.09,99350.09,2984.69
29-08-2024,150643.68,314384.85,132737.36,132737.36,2758.37
30-08-2024,125192.15,249212.30,98392.93,98392.93,3703.10
31-08-2024,147892.83,219977.95,98946.34,98946.34,4597.97
01-09-2024,141606.45,306262.50,120783.38,120597.83,2790.01
02-09-2024,158364.13,251385.30,111911.58,111627.24,4530.93
03-09-2024,146138.55,227161.18,109525.14,109525.14,4271.13
04-09-2024,128918.30,253115.50,107856.32,107856.32,2935.24
05-09-2024,143749.18,315443.38,119083.52,119083.52,2764.59
06-09-2024,140649.00,262146.65,110893.44,110893.44,3258.44
07-09-2024,140896.98,259129.43,111220.60,111220.60,3225.83
08-09-2024,162216.03,330016.03,134870.36,134870.36,2523.11
09-09-2024,145719.45,228465.30,111445.03,111445.03,3761.88
10-09-2024,157383.88,286387.83,130906.06,130906.06,3439.75
11-09-2024,168679.28,303458.15,143944.78,143944.78,3048.22
12-09-2024,179575.05,283884.85,158708.22,158708.22,3198.64
13-09-2024,192998.70,319214.38,173422.25,173422.25,2806.78
14-09-2024,172832.15,293521.08,154832.50,154832.50,2796.53
15-09-2024,176088.88,311085.45,155669.46,155669.46,2493.27
16-09-2024,201744.18,302536.00,175462.10,175462.10,3372.51
17-09-2024,194973.15,264256.33,164618.15,164618.15,3656.07
18-09-2024,243795.68,216820.60,140185.38,140185.38,5114.50
19-09-2024,229762.30,196970.78,133608.31,133608.31,5458.27
20-09-2024,243767.73,151283.08,104976.28,104976.28,6323.49
21-09-2024,196215.50,189289.60,123960.67,123960.67,5451.49
22-09-2024,166970.05,199049.78,121969.07,121639.67,5336.59
23-09-2024,269456.85,148079.35,118589.99,117575.49,6862.82
24-09-2024,204846.55,174616.13,133284.94,132693.05,6519.76
25-09-2024,172045.75,212546.23,136825.87,136176.83,4359.17
26-09-2024,165859.53,251274.38,140366.75,140365.04,3522.58
27-09-2024,158874.68,273763.58,137559.63,137559.63,3205.40
28-09-2024,155299.13,247539.25,123741.55,123741.55,3662.54
29-09-2024,144329.95,263560.68,119218.98,119218.98,3335.67
30-09-2024,256226.53,158091.43,86395.59,86395.59,5518.69
01-10-2024,312039.28,177646.38,104208.08,104208.08,5717.36
02-10-2024,172337.65,221966.08,124994.29,124994.29,4672.32
03-10-2024,146343.60,214427.83,107478.12,107478.11,4433.35
04-10-2024,136963.65,219767.83,106682.30,106682.30,3956.39
05-10-2024,179244.45,213119.98,112691.37,112691.37,5030.49
06-10-2024,121303.58,252969.88,102832.51,102832.51,3004.70
07-10-2024,157180.65,183823.65,85871.88,85871.88,4733.07
08-10-2024,154494.83,160257.10,90495.32,90495.32,5009.71
09-10-2024,134016.75,176003.60,93446.93,93446.93,4383.25
10-10-2024,112935.23,204632.88,87604.67,87604.67,3378.46
11-10-2024,108148.90,236050.70,85570.67,85570.67,3213.96
12-10-2024,134485.90,357183.90,119160.02,119160.02,2631.37
13-10-2024,126955.15,369844.08,111268.81,111268.81,2797.40
14-10-2024,120470.18,256531.48,91742.42,91742.42,3350.31
15-10-2024,126534.83,251756.18,98128.81,98128.81,3461.59
16-10-2024,141904.80,244845.05,110604.66,110604.66,3734.67
17-10-2024,139665.63,243351.75,106704.97,106704.97,3782.73
18-10-2024,165729.18,245608.78,119728.35,119728.35,4166.40
19-10-2024,141166.15,230090.30,105210.02,105210.02,4121.56
20-10-2024,120984.68,288876.63,99072.36,99072.36,2835.34
21-10-2024,123380.25,258032.03,98805.88,98805.88,3526.33
22-10-2024,113220.15,255789.38,87097.04,87097.04,3278.34
23-10-2024,120892.63,262127.35,93014.29,93014.29,3581.35
24-10-2024,109426.43,288425.75,89737.24,89737.24,2940.69
25-10-2024,114507.83,292525.68,94633.71,94633.71,3004.11
26-10-2024,127696.28,289253.38,104121.96,104121.96,3149.85
27-10-2024,128979.68,310890.48,106123.53,106123.53,3064.93
28-10-2024,145246.78,222846.75,95552.80,95552.80,4526.56
29-10-2024,155329.93,207124.18,96222.76,96222.76,4464.29
30-10-2024,123241.65,190530.05,84406.33,84406.33,4326.50
31-10-2024,126993.78,311575.50,109455.75,109455.75,2714.03
01-11-2024,117102.13,368486.90,109443.43,109443.43,2130.12
02-11-2024,125897.43,360126.00,115653.62,115653.62,2363.42
03-11-2024,116069.18,339225.60,104199.30,104199.30,2528.97
04-11-2024,116827.78,271251.70,98616.44,98616.44,3121.37
05-11-2024,122908.58,276702.18,101303.14,101303.14,3140.18
06-11-2024,147823.05,268845.58,116488.78,116488.78,3714.06
07-11-2024,131251.15,260959.83,102424.14,102424.14,3431.11
08-11-2024,135182.68,251874.48,108641.82,108641.82,3632.62
09-11-2024,129025.75,243803.08,100759.81,100759.81,3748.04
10-11-2024,134684.60,270288.35,110572.67,110572.67,3109.37
11-11-2024,156277.70,209748.48,98705.08,98705.08,4104.40
12-11-2024,161196.15,203964.63,104451.99,104451.99,4275.33
13-11-2024,118000.88,233035.38,95801.27,95801.27,3218.13
14-11-2024,126327.80,245246.58,103376.14,103376.14,3390.49
15-11-2024,116959.90,211105.63,89589.51,89589.51,3470.35
16-11-2024,114310.58,237267.25,90076.03,90076.03,3394.16
17-11-2024,129343.58,304634.05,112007.32,112007.32,2801.22
18-11-2024,129730.58,265824.88,104548.92,104548.92,3355.42
19-11-2024,128508.90,252245.45,100059.08,100059.08,3478.92
20-11-2024,113012.28,254686.80,86795.95,86795.95,3389.35
21-11-2024,112497.30,244052.10,84860.01,84860.01,3614.55
22-11-2024,124018.70,229751.78,83333.78,83333.78,3969.96
23-11-2024,129874.78,243029.03,92449.93,92449.93,3859.75
24-11-2024,126473.30,281234.85,103654.29,103654.29,3125.79
25-11-2024,148842.33,251269.53,102342.15,102342.15,3934.81
26-11-2024,150845.78,224089.75,96597.87,96597.87,4464.88
27-11-2024,122333.08,228888.88,90346.30,90346.30,3754.36
28-11-2024,122879.45,254495.73,92440.36,92440.36,3610.73
29-11-2024,155947.63,239127.80,107865.62,107865.62,4215.68
30-11-2024,135711.83,264349.78,111746.44,111746.44,3306.83
01-12-2024,146754.23,324143.38,132926.21,132926.21,2702.13
02-12-2024,132303.85,297924.48,114167.20,114167.20,2689.14
03-12-2024,139595.48,282254.10,115821.91,115821.91,3295.17
04-12-2024,146089.98,273467.38,113667.66,113667.66,3702.08
05-12-2024,161837.65,243215.20,111762.07,111762.07,4297.86
06-12-2024,173663.85,211174.45,103512.80,103512.80,4873.70
07-12-2024,143414.73,228285.20,109679.71,109679.71,3901.70
08-12-2024,122309.95,278939.18,100630.37,100630.37,3027.57
09-12-2024,127572.90,261640.03,101875.55,101875.55,3350.06
10-12-2024,138459.73,241068.88,95011.21,95011.21,4026.59
11-12-2024,120636.75,242461.98,90430.45,90430.45,3692.90
12-12-2024,133240.00,231372.05,99024.83,99024.83,4022.00
13-12-2024,121477.88,251321.15,93399.17,93399.17,3195.85
14-12-2024,138725.48,256276.95,98398.37,98398.37,3922.04
15-12-2024,145607.35,307205.48,120190.49,120190.49,3064.27
16-12-2024,143447.55,232421.25,89797.83,89797.83,4392.15
17-12-2024,137432.10,225304.08,88089.90,88089.90,4518.40
18-12-2024,162744.18,200771.15,81338.02,81338.02,4877.64
19-12-2024,198452.93,211892.25,95325.16,95325.16,5011.01
20-12-2024,157356.55,228420.60,102597.47,102597.47,4379.02
21-12-2024,133086.98,223917.48,96223.36,96223.36,4208.63
22-12-2024,133094.73,244075.95,104519.00,104519.00,3458.58
23-12-2024,156233.58,200721.35,86678.63,86678.63,4974.51
24-12-2024,151062.45,211602.45,86992.25,86992.25,4734.19
25-12-2024,121995.18,225009.70,86278.13,86278.13,3970.39
26-12-2024,139095.88,224982.80,94444.60,94444.60,4522.01
27-12-2024,116060.00,256629.78,93233.88,93233.88,3052.53
28-12-2024,145455.05,321433.90,130363.41,130363.41,2516.62
29-12-2024,158403.23,334726.73,132321.87,132321.87,3084.48
30-12-2024,157211.55,262597.75,109148.82,109148.82,4043.52
31-12-2024,146065.88,252177.88,102194.09,102194.09,3860.39
01-01-2025,143066.63,307390.15,120512.51,120512.51,3019.73
02-01-2025,131254.63,263430.20,97552.69,97552.69,3732.58
03-01-2025,165014.18,240809.25,102750.89,102750.89,4602.76
04-01-2025,177333.48,245899.00,99361.63,99361.63,4801.86
05-01-2025,131150.60,259793.35,102889.19,102889.19,3478.00
06-01-2025,170809.98,237302.80,89071.98,89071.98,4355.71
07-01-2025,170356.03,226541.33,85171.56,85171.56,4867.75
08-01-2025,169424.50,231502.68,87839.55,87839.55,4739.64
09-01-2025,186921.93,216392.00,88293.67,88293.67,4941.91
10-01-2025,240438.18,187876.73,87853.30,87853.30,5845.61
11-01-2025,318061.48,185895.33,97254.77,97254.77,6053.11
12-01-2025,142792.05,232072.48,101556.94,101556.94,4029.93
13-01-2025,202418.38,235887.93,98978.19,98978.19,4658.60
14-01-2025,134051.68,282379.50,100363.48,100363.48,3470.53
15-01-2025,139685.80,276901.75,107589.79,107589.79,3793.16
16-01-2025,198464.85,262981.33,123533.62,123533.62,4638.34
17-01-2025,192340.33,242245.13,108868.97,108868.97,4707.12
18-01-2025,194418.95,220314.13,93187.12,93187.12,4853.55
19-01-2025,124564.08,255829.60,96716.73,96716.73,3470.76
20-01-2025,185305.10,230631.43,90972.86,90972.86,4616.41
21-01-2025,186378.80,213115.88,88772.50,88772.50,4681.58
22-01-2025,143533.45,212199.65,81879.29,81879.29,4383.04
23-01-2025,149684.15,233250.90,94683.58,94683.58,4184.26
24-01-2025,157586.48,249931.83,100607.76,100607.76,4097.17
25-01-2025,154134.35,245769.78,104244.95,104244.95,4131.58
26-01-2025,153541.25,302991.70,126414.60,126414.60,3287.11
27-01-2025,137744.40,225085.75,87563.59,87563.59,4073.07
28-01-2025,157850.23,205254.23,94603.73,94603.73,4523.45
29-01-2025,173141.85,208934.35,102460.74,102460.74,4787.98
30-01-2025,170287.53,191712.08,89218.40,89218.40,5010.64
31-01-2025,214508.03,172576.93,85151.36,85151.36,5278.36
01-02-2025,153150.30,173234.78,78955.95,78955.95,4896.95
02-02-2025,140505.33,252179.68,109788.13,109788.13,3458.68
03-02-2025,179719.20,201728.30,97207.65,97207.65,4812.83
04-02-2025,179313.83,200916.55,96692.24,96692.24,4768.98
05-02-2025,201020.10,191997.85,99369.53,99369.53,5139.30
06-02-2025,153101.48,230413.80,108751.26,108751.26,3908.11
07-02-2025,145999.03,231734.15,103162.53,103162.53,4090.00
08-02-2025,158604.13,217381.03,104930.97,104930.97,4486.88
09-02-2025,150222.60,257607.75,118935.41,118935.41,3678.05
10-02-2025,175844.65,197147.40,103466.15,103466.15,4809.76
11-02-2025,202551.10,180321.80,103444.11,103444.11,5145.94
12-02-2025,166857.53,193004.28,97558.94,97558.94,4647.91
13-02-2025,188310.53,184776.98,92267.28,92267.28,4820.51
14-02-2025,184493.05,204750.00,105316.27,105316.27,4595.73
15-02-2025,145094.35,244420.20,115752.21,115752.21,3481.78
16-02-2025,155157.35,269347.60,128715.95,128715.95,3531.21
17-02-2025,169998.20,200567.83,100433.13,100433.13,4607.17
18-02-2025,195110.58,178451.38,99826.26,99826.26,5004.89
19-02-2025,213951.58,178205.70,111738.12,111738.12,5299.59
20-02-2025,192550.68,213020.10,115440.15,115440.16,4361.15
21-02-2025,225045.55,173004.48,101199.62,101199.62,5570.50
22-02-2025,212025.63,173238.88,104797.15,104797.15,5437.72
23-02-2025,136203.45,232465.30,109381.90,109381.90,3562.49
24-02-2025,130995.98,200471.45,93687.29,93687.29,3910.51
25-02-2025,134848.40,184244.68,93081.48,93081.48,4318.08
26-02-2025,130698.48,198688.90,91731.21,91731.21,3851.66
27-02-2025,122380.23,203723.95,93913.85,93913.85,3682.29
28-02-2025,138754.25,207734.68,107927.90,107927.90,3668.12
01-03-2025,166693.55,222743.18,119577.20,119577.20,4027.32
02-03-2025,144431.08,247169.20,113380.19,113346.40,3468.95
03-03-2025,173902.60,177915.05,97071.14,97070.29,4897.99
04-03-2025,196807.90,208138.43,125500.10,125500.09,4634.29
05-03-2025,178317.45,237282.43,123546.56,122783.67,4279.92
06-03-2025,169858.73,190916.68,106303.39,106303.39,4696.23
07-03-2025,157609.38,182244.20,109537.10,109537.10,4527.44
08-03-2025,167117.80,188878.20,115025.42,115025.42,4599.80
09-03-2025,195132.88,240180.63,147942.08,147942.08,4481.79
10-03-2025,200033.80,212081.90,136049.96,136049.96,4781.39
11-03-2025,177399.40,175295.28,119591.86,119591.86,5158.22
12-03-2025,156834.43,173640.43,109759.95,109759.95,4681.72
13-03-2025,165294.93,213332.43,128883.15,128883.15,4040.25
14-03-2025,151232.00,339059.15,131773.67,131742.99,2716.38
15-03-2025,140565.90,278800.68,118208.29,117606.35,3058.75
16-03-2025,138640.88,244066.43,107715.40,107701.92,3416.54
17-03-2025,156444.18,217425.98,119240.21,119240.21,3992.75
18-03-2025,164218.08,195143.35,114912.02,114912.02,4305.18
19-03-2025,158626.18,186330.43,107285.40,107285.40,4305.84
20-03-2025,161594.95,186386.43,108948.96,108948.96,4554.06
21-03-2025,160300.65,205281.15,123157.05,122966.50,3764.82
22-03-2025,158468.05,251636.15,135576.82,135546.71,3225.88
23-03-2025,169860.85,318834.80,150704.77,150704.77,2980.71
24-03-2025,136622.05,226721.83,108316.67,108316.67,3640.68
25-03-2025,140805.10,197616.65,102037.30,102037.30,4235.69
26-03-2025,152614.20,199975.95,107150.40,107158.72,4482.38
27-03-2025,184883.98,200699.65,118804.44,118804.44,5565.50
28-03-2025,202155.73,226160.53,126584.65,125578.65,5151.36
29-03-2025,206814.58,259322.23,143396.60,142775.53,4147.46
30-03-2025,160824.40,282824.90,132459.47,130772.98,3215.50
31-03-2025,157562.05,246559.28,124332.02,123209.42,3695.44
01-04-2025,153279.13,239920.50,120065.62,119546.96,3780.80
02-04-2025,179940.98,230268.13,125206.38,125130.55,4862.73
03-04-2025,199879.35,270050.73,162399.27,162098.74,4570.91
04-04-2025,149227.50,249725.23,117453.90,117173.40,3864.99
05-04-2025,156654.13,262823.75,122764.28,122764.54,4100.35
06-04-2025,163020.90,326063.15,138160.05,138063.86,3215.48
07-04-2025,211407.35,263884.33,130057.39,130057.39,4641.75
08-04-2025,278033.75,216350.65,111688.41,111364.07,5754.41
09-04-2025,359190.65,200467.28,111432.95,111782.93,6543.75
10-04-2025,204044.13,328682.20,159157.04,159157.04,3299.67
11-04-2025,183860.33,369725.15,166852.62,166852.62,2366.06
12-04-2025,209832.03,370552.78,174771.73,174693.57,3081.56
13-04-2025,186205.48,385399.00,160351.09,160351.09,2959.10
14-04-2025,168361.03,333865.73,143998.98,143998.98,3027.53
15-04-2025,186936.03,298738.28,140894.87,140858.73,4509.92
16-04-2025,178143.55,255417.70,124001.25,124001.25,4654.13
17-04-2025,199217.88,262379.68,132152.34,132152.34,4584.17
18-04-2025,164982.90,307316.60,138774.20,138774.20,3074.16
19-04-2025,199524.73,326593.85,131037.74,131010.50,3845.94
20-04-2025,241054.55,314179.28,151672.00,151339.19,4739.25
21-04-2025,408701.08,184588.98,96421.94,96421.94,6240.88
22-04-2025,590828.90,149672.63,80720.74,80720.74,7480.26
23-04-2025,339903.95,202730.25,114671.37,114568.83,6482.65
24-04-2025,351143.45,195860.88,110986.68,110986.68,6064.44
25-04-2025,318622.13,160568.20,83580.46,83488.19,6351.14
26-04-2025,245377.35,175850.95,93567.02,93296.07,6399.38
27-04-2025,162102.73,274573.95,123219.45,123219.45,4138.28
28-04-2025,172292.35,273143.53,132633.52,132375.34,4527.13
29-04-2025,189232.75,284205.70,152872.06,153033.01,4346.78
30-04-2025,176835.85,285230.75,143622.73,143607.06,3752.42
01-05-2025,179130.78,356770.28,164188.52,164188.52,2782.06
02-05-2025,179650.90,372939.58,158841.14,158841.14,2660.79
03-05-2025,179865.88,331789.43,156340.48,156340.48,3159.30
04-05-2025,164874.08,388662.48,154122.12,154122.12,2337.65
05-05-2025,164452.90,347658.10,148284.88,147833.11,2621.98
06-05-2025,167040.45,366965.70,149807.89,149807.89,2630.98
07-05-2025,170703.55,320968.28,140216.03,140216.03,3127.10
08-05-2025,170355.53,330306.35,140489.92,140489.92,3104.62
09-05-2025,178202.50,271411.63,131471.45,131471.45,4435.73
10-05-2025,177958.68,264134.20,125630.95,125630.95,4566.35
11-05-2025,174748.98,307789.55,135769.77,135770.02,3870.67
12-05-2025,196349.23,246818.28,128139.76,128139.76,4789.40
13-05-2025,182837.83,232019.15,129502.19,129502.19,4808.44
14-05-2025,212617.50,221216.93,112807.61,112807.61,5385.53
15-05-2025,323726.45,219656.25,106641.88,106641.88,5808.63
16-05-2025,185142.40,255169.00,126421.32,126421.32,4568.34
17-05-2025,184321.20,328008.40,155863.59,155863.59,3251.73
18-05-2025,182732.60,387386.35,159207.11,159207.11,2576.89
19-05-2025,291579.00,337622.85,170807.38,170807.38,4214.60
20-05-2025,296037.35,347787.20,196016.30,196016.30,5071.58
21-05-2025,220263.18,386276.73,195108.06,195108.06,2953.00
22-05-2025,212606.68,476506.05,191100.14,191100.14,2540.62
23-05-2025,195865.73,378255.20,167100.49,167100.49,3595.51
24-05-2025,211132.43,416711.03,187106.58,187106.58,3147.91
25-05-2025,205181.95,577439.93,194546.76,194546.76,1534.53
26-05-2025,172704.03,365613.80,148991.12,148988.77,3079.26
27-05-2025,204168.33,416082.65,179227.41,172268.48,3345.92
28-05-2025,201035.20,405339.25,173411.52,165641.29,3533.71
29-05-2025,180369.58,397605.75,162168.40,159071.88,3103.16
30-05-2025,144718.08,468715.75,136576.49,136293.61,1775.38
31-05-2025,178440.15,494495.18,162561.71,162561.71,2064.49
01-06-2025,158532.85,435135.03,138468.14,138468.12,2247.66
02-06-2025,176922.53,356509.98,152410.89,152410.89,2966.93
03-06-2025,201946.95,364441.50,173277.69,173277.69,3406.91
04-06-2025,157268.98,298019.65,129677.30,129677.30,3128.80
05-06-2025,234813.38,252443.25,117946.62,117946.62,4579.25
06-06-2025,253759.38,221792.33,133719.62,133719.62,5725.29
07-06-2025,170261.78,237763.63,125600.03,125600.03,4404.68
08-06-2025,165702.93,290883.20,128019.94,128019.94,3882.05
09-06-2025,187993.55,251609.83,138434.07,138408.27,4609.11
10-06-2025,193735.18,252326.40,129117.88,129117.88,4799.97
